{
  "__type__": "cc.AnimationClip",
  "_name": "human_right",
  "_objFlags": 0,
  "_native": "",
  "_duration": 0.4,
  "sample": 10,
  "speed": 1,
  "wrapMode": 2,
  "curveData": {
    "comps": {
      "cc.Sprite": {
        "spriteFrame": [
          {
            "frame": 0,
            "value": {
              "__uuid__": "8dfdcf99-7dc0-4db8-b3b2-93ee9e8631a0"
            }
          },
          {
            "frame": 0.1,
            "value": {
              "__uuid__": "0b85641b-ceb9-4b7e-ac31-eb7af01c8922"
            }
          },
          {
            "frame": 0.2,
            "value": {
              "__uuid__": "d073356f-7951-4411-9214-1e0ef1f42d95"
            }
          },
          {
            "frame": 0.3,
            "value": {
              "__uuid__": "1a760973-94b9-4003-a497-d9e580706124"
            }
          }
        ]
      }
    }
  },
  "events": []
}