{
  "__type__": "cc.AnimationClip",
  "_name": "human_down",
  "_objFlags": 0,
  "_native": "",
  "_duration": 0.5,
  "sample": 10,
  "speed": 1,
  "wrapMode": 2,
  "curveData": {
    "comps": {
      "cc.Sprite": {
        "spriteFrame": [
          {
            "frame": 0,
            "value": {
              "__uuid__": "c60ed500-682c-4f78-bb32-cd029721378f"
            }
          },
          {
            "frame": 0.1,
            "value": {
              "__uuid__": "78d273c0-ad30-45fa-9036-7385dfc520ae"
            }
          },
          {
            "frame": 0.2,
            "value": {
              "__uuid__": "ccc4686d-021b-441b-a3e3-4527b8d387e0"
            }
          },
          {
            "frame": 0.3,
            "value": {
              "__uuid__": "0206292c-345f-46a1-96a2-567294ee19bd"
            }
          },
          {
            "frame": 0.4,
            "value": {
              "__uuid__": "ddb53caa-89b3-4e38-86b7-b4f01ffa5551"
            }
          }
        ]
      }
    }
  },
  "events": []
}