{
  "__type__": "cc.AnimationClip",
  "_name": "human_left",
  "_objFlags": 0,
  "_native": "",
  "_duration": 0.4,
  "sample": 10,
  "speed": 1,
  "wrapMode": 2,
  "curveData": {
    "comps": {
      "cc.Sprite": {
        "spriteFrame": [
          {
            "frame": 0,
            "value": {
              "__uuid__": "75e148fb-9741-4ff4-9700-09277adad2f9"
            }
          },
          {
            "frame": 0.1,
            "value": {
              "__uuid__": "dcd4f855-a90e-442a-807d-6013dc459a0f"
            }
          },
          {
            "frame": 0.2,
            "value": {
              "__uuid__": "3fd3c3b2-81fc-4733-a408-556713bb571d"
            }
          },
          {
            "frame": 0.3,
            "value": {
              "__uuid__": "9e4df92c-fe7c-4d3d-bbcd-f3715c4030ef"
            }
          }
        ]
      }
    }
  },
  "events": []
}