{
  "__type__": "cc.AnimationClip",
  "_name": "human_up",
  "_objFlags": 0,
  "_native": "",
  "_duration": 0.5,
  "sample": 10,
  "speed": 1,
  "wrapMode": 2,
  "curveData": {
    "comps": {
      "cc.Sprite": {
        "spriteFrame": [
          {
            "frame": 0,
            "value": {
              "__uuid__": "d5a64eb7-93b6-4467-925c-dd811917009d"
            }
          },
          {
            "frame": 0.1,
            "value": {
              "__uuid__": "4455c7aa-4f73-4dba-a92c-337422667106"
            }
          },
          {
            "frame": 0.2,
            "value": {
              "__uuid__": "7626e242-c315-4314-8318-692da5721132"
            }
          },
          {
            "frame": 0.3,
            "value": {
              "__uuid__": "d9c83a18-a5fa-4661-80a7-cb49edf22db2"
            }
          },
          {
            "frame": 0.4,
            "value": {
              "__uuid__": "c54f0fa7-2685-413f-8b3a-190944964185"
            }
          }
        ]
      }
    }
  },
  "events": []
}