{
  "version": "1.1.1",
  "windows": {
    "main": {
      "main": true,
      "url": "app://editor/index.html",
      "windowType": "dockable",
      "x": -6,
      "y": 23,
      "width": 1440,
      "height": 819,
      "layout": {
        "children": [
          {
            "children": [
              {
                "active": 0,
                "children": [
                  "hierarchy"
                ],
                "height": 291,
                "type": "panel",
                "width": 291
              },
              {
                "active": 0,
                "children": [
                  "assets",
                  "cloud-function"
                ],
                "height": 444,
                "type": "panel",
                "width": 291
              }
            ],
            "height": 738,
            "type": "dock-v",
            "width": 291
          },
          {
            "children": [
              {
                "active": 0,
                "children": [
                  "scene"
                ],
                "height": 432.984375,
                "type": "panel",
                "width": 701
              },
              {
                "active": 0,
                "children": [
                  "console",
                  "timeline",
                  "game-window"
                ],
                "height": 302,
                "type": "panel",
                "width": 701
              }
            ],
            "height": 738,
            "type": "dock-v",
            "width": 701
          },
          {
            "active": 0,
            "children": [
              "inspector",
              "node-library",
              "cocos-services"
            ],
            "height": 738,
            "type": "panel",
            "width": 442
          }
        ],
        "type": "dock-h"
      },
      "panels": [
        "hierarchy",
        "assets",
        "cloud-function",
        "scene",
        "console",
        "timeline",
        "game-window",
        "inspector",
        "node-library",
        "cocos-services"
      ]
    }
  },
  "panels": {
    "preferences": {
      "x": 480,
      "y": 132,
      "width": 600,
      "height": 562
    },
    "package-asset.export": {
      "x": 560,
      "y": 142,
      "width": 418,
      "height": 543
    },
    "project-settings": {
      "x": 462,
      "y": 116,
      "width": 600,
      "height": 562
    },
    "builder": {
      "x": 282,
      "y": 45,
      "width": 684,
      "height": 778
    }
  },
  "panelLabelWidth": {
    "inspector": null,
    "builder": null
  },
  "panelLabelWidth.inspector": null,
  "panelLabelWidth.builder": null
}
